Workbook

Sheet Summary
A1: Human (expert) performance per scenario — Disaster Management (complete parallel answers)
A2: Per-expert mean (each expert scored vs full checklist) — same construct as emergency medicine & border security.
A4: Scenario | B4: Precision | C4: Recall | D4: F1 score | E4: N items | F4: Mean items addressed | G4: Union recall (ref.)
A5: S1 - Active Shooter | B5: =S1!H44 -> 1 | C5: =S1!H45 -> 0.46285714 | D5: =S1!H46 -> 0.62931373 | E5: 35 | F5: =C5*E5 -> 16.2 | G5: =S1!G45 -> 0.94285714
A6: S2 - Tornado | B6: =S2!H51 -> 1 | C6: =S2!H52 -> 0.38095238 | D6: =S2!H53 -> 0.54451206 | E6: 42 | F6: =C6*E6 -> 16 | G6: =S2!G52 -> 0.80952381
A7: S3 - Wildfire | B7: =S3!H56 -> 1 | C7: =S3!H57 -> 0.35319149 | D7: =S3!H58 -> 0.52042471 | E7: 47 | F7: =C7*E7 -> 16.6 | G7: =S3!G57 -> 0.91489362
A8: S4 - Hurricane / Flood | B8: =S4!H63 -> 1 | C8: =S4!H64 -> 0.27037037 | D8: =S4!H65 -> 0.42115245 | E8: 54 | F8: =C8*E8 -> 14.6 | G8: =S4!G64 -> 0.88888889
A9: S5 - Pandemic Influenza | B9: =S5!H52 -> 1 | C9: =S5!H53 -> 0.34883721 | D9: =S5!H54 -> 0.49777876 | E9: 43 | F9: =C9*E9 -> 15 | G9: =S5!G53 -> 1
A10: OVERALL (mean of scenarios) | B10: =AVERAGE(B5:B9) -> 1 | C10: =AVERAGE(C5:C9) -> 0.36324172 | D10: =AVERAGE(D5:D9) -> 0.52263634 | G10: =AVERAGE(G5:G9) -> 0.91123269
A13: Methodology / coding rules
A14: 1. These are the REVISED human answers: each expert gives a complete answer to the whole scenario (parallel), not a slice.
A15: 2. Each scenario's full lifecycle checklist (35-54 items) is the ground truth; per-item coding 1 = addressed, 0 = not.
A16: 3. TP/FN/FP as before; no expert gave incorrect advice so FP = 0 and Precision = 1.000.
A17: 4. Headline = per-expert mean (matches emergency-medicine and border-security tables).
A18: 5. 'Union recall' (right column) is kept only for reference; it is the collective-panel value.
A19: 6. NOTE on cross-domain comparison: recall here is lower largely because these checklists are far longer/finer-grained
A20: (35-54 items) than emergency medicine (12-22) or border security (14-17). Raw recall is not normalised across domains.
A21: 7. All cells editable; Union and metrics recompute automatically.

Sheet S1
A1: S1 - Active Shooter — complete parallel answers (per-expert) + Union
A3: Ground-truth evaluation point | B3: E1 (4y) | C3: E2 (8y) | D3: E3 (12y) | E3: E4 (18y) | F3: E5 (25y) | G3: Union (any) | H3: Expert mean
A4: Recognize active-shooter event | B4: 1 | C4: 0 | D4: 0 | E4: 0 | F4: 0 | G4: 1
A5: Immediate priority: protect self/family | B5: 1 | C5: 0 | D5: 0 | E5: 1 | F5: 0 | G5: 1
A6: Situational awareness (exits, danger, cover) | B6: 1 | C6: 0 | D6: 1 | E6: 0 | F6: 0 | G6: 1
A7: First option: Run if safe route | B7: 1 | C7: 1 | D7: 1 | E7: 1 | F7: 1 | G7: 1
A8: Have escape route/plan | B8: 1 | C8: 0 | D8: 0 | E8: 0 | F8: 0 | G8: 1
A9: Leave belongings behind | B9: 1 | C9: 1 | D9: 1 | E9: 0 | F9: 0 | G9: 1
A10: Evacuate with family; don't delay if others refuse | B10: 0 | C10: 0 | D10: 0 | E10: 1 | F10: 0 | G10: 1
A11: Help others escape if no added danger | B11: 1 | C11: 0 | D11: 0 | E11: 1 | F11: 0 | G11: 1
A12: Warn/prevent others entering danger area | B12: 1 | C12: 0 | D12: 0 | E12: 0 | F12: 0 | G12: 1
A13: Call 911 only when safe | B13: 1 | C13: 1 | D13: 0 | E13: 0 | F13: 1 | G13: 1
A14: Police interaction while escaping (hands visible) | B14: 1 | C14: 0 | D14: 0 | E14: 0 | F14: 0 | G14: 1
A15: Don't move wounded during active threat | B15: 1 | C15: 0 | D15: 1 | E15: 0 | F15: 1 | G15: 1
... A40: Items in checklist (N) | B40: 35 | C40: 35 | D40: 35 | E40: 35 | F40: 35 | G40: 35
A41: True Positives | B41: =SUM(B4:B38) -> 21 | C41: =SUM(C4:C38) -> 16 | D41: =SUM(D4:D38) -> 16 | E41: =SUM(E4:E38) -> 15 | F41: =SUM(F4:F38) -> 13 | G41: =SUM(G4:G38) -> 33
A42: False Negatives | B42: =B40-B41 -> 14 | C42: =C40-C41 -> 19 | D42: =D40-D41 -> 19 | E42: =E40-E41 -> 20 | F42: =F40-F41 -> 22 | G42: =G40-G41 -> 2
A43: False Positives | B43: 0 | C43: 0 | D43: 0 | E43: 0 | F43: 0 | G43: 0
A44: Precision | B44: =IFERROR(B41/(B41+B43),0) -> 1 | C44: =IFERROR(C41/(C41+C43),0) -> 1 | D44: =IFERROR(D41/(D41+D43),0) -> 1 | E44: =IFERROR(E41/(E41+E43),0) -> 1 | F44: =IFERROR(F41/(F41+F43),0) -> 1 | G44: =IFERROR(G41/(G41+G43),0) -> 1 | H44: =AVERAGE(B44:F44) -> 1
A45: Recall | B45: =IFERROR(B41/(B41+B42),0) -> 0.6 | C45: =IFERROR(C41/(C41+C42),0) -> 0.45714286 | D45: =IFERROR(D41/(D41+D42),0) -> 0.45714286 | E45: =IFERROR(E41/(E41+E42),0) -> 0.42857143 | F45: =IFERROR(F41/(F41+F42),0) -> 0.37142857 | G45: =IFERROR(G41/(G41+G42),0) -> 0.94285714 | H45: =AVERAGE(B45:F45) -> 0.46285714
A46: F1 score | B46: =IFERROR(2*B44*B45/(B44+B45),0) -> 0.75 | C46: =IFERROR(2*C44*C45/(C44+C45),0) -> 0.62745098 | D46: =IFERROR(2*D44*D45/(D44+D45),0) -> 0.62745098 | E46: =IFERROR(2*E44*E45/(E44+E45),0) -> 0.6 | F46: =IFERROR(2*F44*F45/(F44+F45),0) -> 0.54166667 | G46: =IFERROR(2*G44*G45/(G44+G45),0) -> 0.97058824 | H46: =AVERAGE(B46:F46) -> 0.62931373

Sheet S2
A1: S2 - Tornado — complete parallel answers (per-expert) + Union
A3: Ground-truth evaluation point | B3: E1 (4y) | C3: E2 (8y) | D3: E3 (12y) | E3: E4 (18y) | F3: E5 (25y) | G3: Union (any) | H3: Expert mean
A4: Tornado Warning -> immediate action | B4: 1 | C4: 1 | D4: 1 | E4: 0 | F4: 0 | G4: 1
A5: Warning sources (TV/FEMA/RedCross/NOAA) | B5: 0 | C5: 1 | D5: 0 | E5: 1 | F5: 0 | G5: 1
A6: NOAA Weather Radio needs special receiver | B6: 0 | C6: 0 | D6: 0 | E6: 0 | F6: 0 | G6: 0
A7: Avoid all windows | B7: 1 | C7: 1 | D7: 1 | E7: 1 | F7: 1 | G7: 1
A8: Best shelter: basement | B8: 1 | C8: 1 | D8: 0 | E8: 1 | F8: 1 | G8: 1
A9: Basement protection (sturdy cover/mattress) | B9: 0 | C9: 0 | D9: 0 | E9: 0 | F9: 0 | G9: 0
A10: Avoid heavy objects on floor above | B10: 1 | C10: 0 | D10: 0 | E10: 1 | F10: 0 | G10: 1
A11: No basement: lowest floor | B11: 1 | C11: 1 | D11: 0 | E11: 1 | F11: 1 | G11: 1
A12: Small interior room/bath/closet/stairwell/hall | B12: 1 | C12: 1 | D12: 1 | E12: 1 | F12: 1 | G12: 1
A13: Body position: crouch low, cover head | B13: 1 | C13: 0 | D13: 0 | E13: 1 | F13: 1 | G13: 1
A14: Bathtub = partial protection | B14: 0 | C14: 1 | D14: 0 | E14: 0 | F14: 0 | G14: 1
A15: Padding (mattress/blankets) | B15: 1 | C15: 1 | D15: 1 | E15: 1 | F15: 0 | G15: 1
... A47: Items in checklist (N) | B47: 42 | C47: 42 | D47: 42 | E47: 42 | F47: 42 | G47: 42
A48: True Positives | B48: =SUM(B4:B45) -> 13 | C48: =SUM(C4:C45) -> 20 | D48: =SUM(D4:D45) -> 12 | E48: =SUM(E4:E45) -> 13 | F48: =SUM(F4:F45) -> 22 | G48: =SUM(G4:G45) -> 34
A49: False Negatives | B49: =B47-B48 -> 29 | C49: =C47-C48 -> 22 | D49: =D47-D48 -> 30 | E49: =E47-E48 -> 29 | F49: =F47-F48 -> 20 | G49: =G47-G48 -> 8
A50: False Positives | B50: 0 | C50: 0 | D50: 0 | E50: 0 | F50: 0 | G50: 0
A51: Precision | B51: =IFERROR(B48/(B48+B50),0) -> 1 | C51: =IFERROR(C48/(C48+C50),0) -> 1 | D51: =IFERROR(D48/(D48+D50),0) -> 1 | E51: =IFERROR(E48/(E48+E50),0) -> 1 | F51: =IFERROR(F48/(F48+F50),0) -> 1 | G51: =IFERROR(G48/(G48+G50),0) -> 1 | H51: =AVERAGE(B51:F51) -> 1
A52: Recall | B52: =IFERROR(B48/(B48+B49),0) -> 0.30952381 | C52: =IFERROR(C48/(C48+C49),0) -> 0.47619048 | D52: =IFERROR(D48/(D48+D49),0) -> 0.28571429 | E52: =IFERROR(E48/(E48+E49),0) -> 0.30952381 | F52: =IFERROR(F48/(F48+F49),0) -> 0.52380952 | G52: =IFERROR(G48/(G48+G49),0) -> 0.80952381 | H52: =AVERAGE(B52:F52) -> 0.38095238
A53: F1 score | B53: =IFERROR(2*B51*B52/(B51+B52),0) -> 0.47272727 | C53: =IFERROR(2*C51*C52/(C51+C52),0) -> 0.64516129 | D53: =IFERROR(2*D51*D52/(D51+D52),0) -> 0.44444444 | E53: =IFERROR(2*E51*E52/(E51+E52),0) -> 0.47272727 | F53: =IFERROR(2*F51*F52/(F51+F52),0) -> 0.6875 | G53: =IFERROR(2*G51*G52/(G51+G52),0) -> 0.89473684 | H53: =AVERAGE(B53:F53) -> 0.54451206

Sheet S3
A1: S3 - Wildfire — complete parallel answers (per-expert) + Union
A3: Ground-truth evaluation point | B3: E1 (4y) | C3: E2 (8y) | D3: E3 (12y) | E3: E4 (18y) | F3: E5 (25y) | G3: Union (any) | H3: Expert mean
A4: Risk recognition (rural/wooded prone) | B4: 1 | C4: 0 | D4: 0 | E4: 0 | F4: 0 | G4: 1
A5: Seasonal risk (warm/dry) | B5: 1 | C5: 0 | D5: 0 | E5: 0 | F5: 0 | G5: 1
A6: Risk information (local OEM/media) | B6: 1 | C6: 0 | D6: 0 | E6: 1 | F6: 1 | G6: 1
A7: Early alerting (FEMA/RedCross/alerts) | B7: 1 | C7: 0 | D7: 0 | E7: 1 | F7: 1 | G7: 1
A8: Immediate priority: evacuation/life safety | B8: 1 | C8: 1 | D8: 1 | E8: 1 | F8: 1 | G8: 1
A9: Evacuate on mandatory order | B9: 1 | C9: 0 | D9: 1 | E9: 1 | F9: 1 | G9: 1
A10: Create & practice evacuation plan | B10: 0 | C10: 1 | D10: 0 | E10: 0 | F10: 0 | G10: 1
A11: Family practices the plan | B11: 0 | C11: 1 | D11: 0 | E11: 0 | F11: 0 | G11: 1
A12: Two meeting places | B12: 0 | C12: 1 | D12: 0 | E12: 0 | F12: 0 | G12: 1
A13: Know evacuation route | B13: 1 | C13: 1 | D13: 0 | E13: 0 | F13: 1 | G13: 1
A14: Plan alternate (back-road) route | B14: 1 | C14: 1 | D14: 0 | E14: 0 | F14: 0 | G14: 1
A15: Lodging outside impact zone | B15: 0 | C15: 1 | D15: 0 | E15: 0 | F15: 1 | G15: 1
... A52: Items in checklist (N) | B52: 47 | C52: 47 | D52: 47 | E52: 47 | F52: 47 | G52: 47
A53: True Positives | B53: =SUM(B4:B50) -> 19 | C53: =SUM(C4:C50) -> 17 | D53: =SUM(D4:D50) -> 13 | E53: =SUM(E4:E50) -> 16 | F53: =SUM(F4:F50) -> 18 | G53: =SUM(G4:G50) -> 43
A54: False Negatives | B54: =B52-B53 -> 28 | C54: =C52-C53 -> 30 | D54: =D52-D53 -> 34 | E54: =E52-E53 -> 31 | F54: =F52-F53 -> 29 | G54: =G52-G53 -> 4
A55: False Positives | B55: 0 | C55: 0 | D55: 0 | E55: 0 | F55: 0 | G55: 0
A56: Precision | B56: =IFERROR(B53/(B53+B55),0) -> 1 | C56: =IFERROR(C53/(C53+C55),0) -> 1 | D56: =IFERROR(D53/(D53+D55),0) -> 1 | E56: =IFERROR(E53/(E53+E55),0) -> 1 | F56: =IFERROR(F53/(F53+F55),0) -> 1 | G56: =IFERROR(G53/(G53+G55),0) -> 1 | H56: =AVERAGE(B56:F56) -> 1
A57: Recall | B57: =IFERROR(B53/(B53+B54),0) -> 0.40425532 | C57: =IFERROR(C53/(C53+C54),0) -> 0.36170213 | D57: =IFERROR(D53/(D53+D54),0) -> 0.27659574 | E57: =IFERROR(E53/(E53+E54),0) -> 0.34042553 | F57: =IFERROR(F53/(F53+F54),0) -> 0.38297872 | G57: =IFERROR(G53/(G53+G54),0) -> 0.91489362 | H57: =AVERAGE(B57:F57) -> 0.35319149
A58: F1 score | B58: =IFERROR(2*B56*B57/(B56+B57),0) -> 0.57575758 | C58: =IFERROR(2*C56*C57/(C56+C57),0) -> 0.53125 | D58: =IFERROR(2*D56*D57/(D56+D57),0) -> 0.43333333 | E58: =IFERROR(2*E56*E57/(E56+E57),0) -> 0.50793651 | F58: =IFERROR(2*F56*F57/(F56+F57),0) -> 0.55384615 | G58: =IFERROR(2*G56*G57/(G56+G57),0) -> 0.95555556 | H58: =AVERAGE(B58:F58) -> 0.52042471

Sheet S4
A1: S4 - Hurricane / Flood — complete parallel answers (per-expert) + Union
A3: Ground-truth evaluation point | B3: E1 (4y) | C3: E2 (8y) | D3: E3 (12y) | E3: E4 (18y) | F3: E5 (25y) | G3: Union (any) | H3: Expert mean
A4: Flood-risk awareness (in flood zone?) | B4: 1 | C4: 0 | D4: 0 | E4: 0 | F4: 1 | G4: 1
A5: Flood-risk source (FEMA flood maps) | B5: 1 | C5: 0 | D5: 0 | E5: 0 | F5: 0 | G5: 1
A6: Coastal risk (storm surge) | B6: 1 | C6: 0 | D6: 0 | E6: 1 | F6: 0 | G6: 1
A7: Storm surge definition | B7: 0 | C7: 0 | D7: 0 | E7: 0 | F7: 0 | G7: 0
A8: River flood risk (rain/snowmelt) | B8: 1 | C8: 0 | D8: 0 | E8: 0 | F8: 0 | G8: 1
A9: Hurricane Watch = conditions possible | B9: 1 | C9: 0 | D9: 0 | E9: 0 | F9: 1 | G9: 1
A10: Watch timing (~48h) | B10: 1 | C10: 0 | D10: 0 | E10: 0 | F10: 0 | G10: 1
A11: Hurricane Warning = expected | B11: 1 | C11: 0 | D11: 0 | E11: 0 | F11: 1 | G11: 1
A12: Warning timing (~36h) | B12: 1 | C12: 0 | D12: 0 | E12: 0 | F12: 0 | G12: 1
A13: Preparation urgency (act before winds) | B13: 1 | C13: 1 | D13: 0 | E13: 1 | F13: 1 | G13: 1
A14: Flood reduction (sandbags) | B14: 0 | C14: 1 | D14: 0 | E14: 0 | F14: 1 | G14: 1
A15: Home mitigation (elevate mechanicals) | B15: 0 | C15: 1 | D15: 0 | E15: 0 | F15: 0 | G15: 1
... A59: Items in checklist (N) | B59: 54 | C59: 54 | D59: 54 | E59: 54 | F59: 54 | G59: 54
A60: True Positives | B60: =SUM(B4:B57) -> 13 | C60: =SUM(C4:C57) -> 16 | D60: =SUM(D4:D57) -> 13 | E60: =SUM(E4:E57) -> 10 | F60: =SUM(F4:F57) -> 21 | G60: =SUM(G4:G57) -> 48
A61: False Negatives | B61: =B59-B60 -> 41 | C61: =C59-C60 -> 38 | D61: =D59-D60 -> 41 | E61: =E59-E60 -> 44 | F61: =F59-F60 -> 33 | G61: =G59-G60 -> 6
A62: False Positives | B62: 0 | C62: 0 | D62: 0 | E62: 0 | F62: 0 | G62: 0
A63: Precision | B63: =IFERROR(B60/(B60+B62),0) -> 1 | C63: =IFERROR(C60/(C60+C62),0) -> 1 | D63: =IFERROR(D60/(D60+D62),0) -> 1 | E63: =IFERROR(E60/(E60+E62),0) -> 1 | F63: =IFERROR(F60/(F60+F62),0) -> 1 | G63: =IFERROR(G60/(G60+G62),0) -> 1 | H63: =AVERAGE(B63:F63) -> 1
A64: Recall | B64: =IFERROR(B60/(B60+B61),0) -> 0.24074074 | C64: =IFERROR(C60/(C60+C61),0) -> 0.2962963 | D64: =IFERROR(D60/(D60+D61),0) -> 0.24074074 | E64: =IFERROR(E60/(E60+E61),0) -> 0.18518519 | F64: =IFERROR(F60/(F60+F61),0) -> 0.38888889 | G64: =IFERROR(G60/(G60+G61),0) -> 0.88888889 | H64: =AVERAGE(B64:F64) -> 0.27037037
A65: F1 score | B65: =IFERROR(2*B63*B64/(B63+B64),0) -> 0.3880597 | C65: =IFERROR(2*C63*C64/(C63+C64),0) -> 0.45714286 | D65: =IFERROR(2*D63*D64/(D63+D64),0) -> 0.3880597 | E65: =IFERROR(2*E63*E64/(E63+E64),0) -> 0.3125 | F65: =IFERROR(2*F63*F64/(F63+F64),0) -> 0.56 | G65: =IFERROR(2*G63*G64/(G63+G64),0) -> 0.94117647 | H65: =AVERAGE(B65:F65) -> 0.42115245

Sheet S5
A1: S5 - Pandemic Influenza — complete parallel answers (per-expert) + Union
A3: Ground-truth evaluation point | B3: E1 (4y) | C3: E2 (8y) | D3: E3 (12y) | E3: E4 (18y) | F3: E5 (25y) | G3: Union (any) | H3: Expert mean
A4: Reliable info (CDC) | B4: 1 | C4: 0 | D4: 1 | E4: 0 | F4: 1 | G4: 1
A5: Local info (health dept/provider) | B5: 1 | C5: 0 | D5: 1 | E5: 1 | F5: 1 | G5: 1
A6: Avoid misinformation | B6: 1 | C6: 0 | D6: 1 | E6: 0 | F6: 0 | G6: 1
A7: Vaccine discussion | B7: 1 | C7: 0 | D7: 1 | E7: 0 | F7: 1 | G7: 1
A8: Vaccination = personal choice | B8: 1 | C8: 0 | D8: 0 | E8: 0 | F8: 0 | G8: 1
A9: Obtain health records | B9: 1 | C9: 0 | D9: 1 | E9: 0 | F9: 1 | G9: 1
A10: Electronic records | B10: 1 | C10: 0 | D10: 0 | E10: 0 | F10: 0 | G10: 1
A11: Blue Button | B11: 1 | C11: 0 | D11: 0 | E11: 0 | F11: 0 | G11: 1
A12: Family illness plan | B12: 1 | C12: 0 | D12: 1 | E12: 0 | F12: 1 | G12: 1
A13: Stay home when sick | B13: 1 | C13: 0 | D13: 0 | E13: 0 | F13: 1 | G13: 1
A14: Distance from others | B14: 1 | C14: 0 | D14: 0 | E14: 0 | F14: 0 | G14: 1
A15: Cough/sneeze hygiene | B15: 1 | C15: 0 | D15: 0 | E15: 0 | F15: 0 | G15: 1
... A48: Items in checklist (N) | B48: 43 | C48: 43 | D48: 43 | E48: 43 | F48: 43 | G48: 43
A49: True Positives | B49: =SUM(B4:B46) -> 14 | C49: =SUM(C4:C46) -> 8 | D49: =SUM(D4:D46) -> 20 | E49: =SUM(E4:E46) -> 8 | F49: =SUM(F4:F46) -> 25 | G49: =SUM(G4:G46) -> 43
A50: False Negatives | B50: =B48-B49 -> 29 | C50: =C48-C49 -> 35 | D50: =D48-D49 -> 23 | E50: =E48-E49 -> 35 | F50: =F48-F49 -> 18 | G50: =G48-G49 -> 0
A51: False Positives | B51: 0 | C51: 0 | D51: 0 | E51: 0 | F51: 0 | G51: 0
A52: Precision | B52: =IFERROR(B49/(B49+B51),0) -> 1 | C52: =IFERROR(C49/(C49+C51),0) -> 1 | D52: =IFERROR(D49/(D49+D51),0) -> 1 | E52: =IFERROR(E49/(E49+E51),0) -> 1 | F52: =IFERROR(F49/(F49+F51),0) -> 1 | G52: =IFERROR(G49/(G49+G51),0) -> 1 | H52: =AVERAGE(B52:F52) -> 1
A53: Recall | B53: =IFERROR(B49/(B49+B50),0) -> 0.3255814 | C53: =IFERROR(C49/(C49+C50),0) -> 0.18604651 | D53: =IFERROR(D49/(D49+D50),0) -> 0.46511628 | E53: =IFERROR(E49/(E49+E50),0) -> 0.18604651 | F53: =IFERROR(F49/(F49+F50),0) -> 0.58139535 | G53: =IFERROR(G49/(G49+G50),0) -> 1 | H53: =AVERAGE(B53:F53) -> 0.34883721
A54: F1 score | B54: =IFERROR(2*B52*B53/(B52+B53),0) -> 0.49122807 | C54: =IFERROR(2*C52*C53/(C52+C53),0) -> 0.31372549 | D54: =IFERROR(2*D52*D53/(D52+D53),0) -> 0.63492063 | E54: =IFERROR(2*E52*E53/(E52+E53),0) -> 0.31372549 | F54: =IFERROR(2*F52*F53/(F52+F53),0) -> 0.73529412 | G54: =IFERROR(2*G52*G53/(G52+G53),0) -> 1 | H54: =AVERAGE(B54:F54) -> 0.49777876
