Workbook

Sheet Summary
A1: Human (expert) performance per scenario
A2: Mean across 5 emergency physicians (2-30 years' experience), scored against the ground-truth action checklist for each scenario.
A4: Scenario | B4: Precision | C4: Recall | D4: F1 score | E4: N items | F4: Mean items addressed
A5: S1 - Boating Trauma | B5: =S1!G25 -> 1 | C5: =S1!G26 -> 0.6875 | D5: =S1!G27 -> 0.80888889 | E5: 16 | F5: =C5*E5 -> 11
A6: S2 - SBIRT / Fall + Alcohol | B6: =S2!G21 -> 1 | C6: =S2!G22 -> 0.65 | D6: =S2!G23 -> 0.78616541 | E6: 12 | F6: =C6*E6 -> 7.8
A7: S3 - Spinal Cord Injury / Shock | B7: =S3!G31 -> 1 | C7: =S3!G32 -> 0.55454545 | D7: =S3!G33 -> 0.71282913 | E7: 22 | F7: =C7*E7 -> 12.2
A8: S4 - Atrial Fibrillation | B8: =S4!G31 -> 1 | C8: =S4!G32 -> 0.62727273 | D8: =S4!G33 -> 0.76596909 | E8: 22 | F8: =C8*E8 -> 13.8
A9: S5 - Acetaminophen Overdose | B9: =S5!G31 -> 1 | C9: =S5!G32 -> 0.50909091 | D9: =S5!G33 -> 0.67016656 | E9: 22 | F9: =C9*E9 -> 11.2
A10: OVERALL (mean of scenarios) | B10: =AVERAGE(B5:B9) -> 1 | C10: =AVERAGE(C5:C9) -> 0.60568182 | D10: =AVERAGE(D5:D9) -> 0.74880382
A13: Methodology / coding rules
A14: 1. Ground truth = the list of expected clinical actions/decisions in each scenario's evaluation checklist.
A15: Pure simulator-scripting rows (e.g. 'BP drops to 70/30 if blood delayed', 'AUDIT-C = 8',
A16: 'acetaminophen level 567', EMS vitals) were excluded as they are scenario outcomes, not decisions to grade.
A17: 2. Each doctor's free-text answer was coded item-by-item: 1 = action addressed, 0 = not addressed (see scenario tabs).
A18: 3. TP = checklist action addressed; FN = checklist action missed; FP = an incorrect/contradictory recommendation.
A19: 4. The five expert answers contained no guideline-discordant recommendations, so FP = 0 throughout.
A20: Consequently Precision = 1.000 for every expert, and F1 is driven entirely by Recall (completeness).
A21: The FP cells in each scenario tab are editable if you wish to re-score under a different convention.
A22: 5. Reported figures are the mean of the five physicians per scenario. Because each doctor is scored on the
A23: same N items, the per-doctor mean equals the micro (pooled) average.
A24: 6. Coding of brief free-text against a fine-grained checklist is a matter of judgement; the per-item tabs are
A25: provided so any cell can be reviewed and adjusted, and all metrics recompute automatically.

Sheet S1
A1: S1 - Boating Trauma — expert answers vs. ground-truth checklist
A3: Ground-truth action (1 = addressed, 0 = not addressed) | B3: D1 (2y) | C3: D2 (5y) | D3: D3 (10y) | E3: D4 (18y) | F3: D5 (30y) | G3: Mean
A4: Trauma activation | B4: 1 | C4: 1 | D4: 0 | E4: 1 | F4: 1
A5: ABCDE primary survey | B5: 1 | C5: 0 | D5: 0 | E5: 0 | F5: 0
A6: Monitoring / reassess vitals | B6: 1 | C6: 1 | D6: 0 | E6: 0 | F6: 0
A7: Tourniquet / limb haemorrhage control | B7: 1 | C7: 1 | D7: 1 | E7: 1 | F7: 1
A8: Pelvic binder | B8: 1 | C8: 1 | D8: 1 | E8: 1 | F8: 1
A9: Second large-bore IV / IO access | B9: 1 | C9: 0 | D9: 0 | E9: 0 | F9: 0
A10: Blood products administration | B10: 1 | C10: 1 | D10: 1 | E10: 1 | F10: 1
A11: Massive haemorrhage protocol (MTP) | B11: 1 | C11: 1 | D11: 1 | E11: 1 | F11: 1
A12: TXA | B12: 0 | C12: 1 | D12: 0 | E12: 0 | F12: 1
A13: Analgesia | B13: 0 | C13: 1 | D13: 0 | E13: 1 | F13: 0
A14: Imaging: FAST + portable X-ray, avoid CT while unstable | B14: 1 | C14: 1 | D14: 1 | E14: 1 | F14: 1
A15: Labs / group & screen | B15: 1 | C15: 1 | D15: 0 | E15: 1 | F15: 0
... A21: Items in checklist (N) | B21: 16 | C21: 16 | D21: 16 | E21: 16 | F21: 16
A22: True Positives (TP = addressed) | B22: =SUM(B4:B19) -> 14 | C22: =SUM(C4:C19) -> 11 | D22: =SUM(D4:D19) -> 8 | E22: =SUM(E4:E19) -> 11 | F22: =SUM(F4:F19) -> 11
A23: False Negatives (FN = missed) | B23: =B21-B22 -> 2 | C23: =C21-C22 -> 5 | D23: =D21-D22 -> 8 | E23: =E21-E22 -> 5 | F23: =F21-F22 -> 5
A24: False Positives (FP = incorrect rec.) | B24: 0 | C24: 0 | D24: 0 | E24: 0 | F24: 0
A25: Precision = TP/(TP+FP) | B25: =IFERROR(B22/(B22+B24),0) -> 1 | C25: =IFERROR(C22/(C22+C24),0) -> 1 | D25: =IFERROR(D22/(D22+D24),0) -> 1 | E25: =IFERROR(E22/(E22+E24),0) -> 1 | F25: =IFERROR(F22/(F22+F24),0) -> 1 | G25: =AVERAGE(B25:F25) -> 1
A26: Recall = TP/(TP+FN) | B26: =IFERROR(B22/(B22+B23),0) -> 0.875 | C26: =IFERROR(C22/(C22+C23),0) -> 0.6875 | D26: =IFERROR(D22/(D22+D23),0) -> 0.5 | E26: =IFERROR(E22/(E22+E23),0) -> 0.6875 | F26: =IFERROR(F22/(F22+F23),0) -> 0.6875 | G26: =AVERAGE(B26:F26) -> 0.6875
A27: F1 score = 2PR/(P+R) | B27: =IFERROR(2*B25*B26/(B25+B26),0) -> 0.93333333 | C27: =IFERROR(2*C25*C26/(C25+C26),0) -> 0.81481481 | D27: =IFERROR(2*D25*D26/(D25+D26),0) -> 0.66666667 | E27: =IFERROR(2*E25*E26/(E25+E26),0) -> 0.81481481 | F27: =IFERROR(2*F25*F26/(F25+F26),0) -> 0.81481481 | G27: =AVERAGE(B27:F27) -> 0.80888889

Sheet S2
A1: S2 - SBIRT / Fall + Alcohol — expert answers vs. ground-truth checklist
A3: Ground-truth action (1 = addressed, 0 = not addressed) | B3: D1 (2y) | C3: D2 (5y) | D3: D3 (10y) | E3: D4 (18y) | F3: D5 (30y) | G3: Mean
A4: Trauma evaluation / ABCDE | B4: 1 | C4: 1 | D4: 0 | E4: 1 | F4: 1
A5: Cervical-spine consideration (collar) | B5: 1 | C5: 0 | D5: 0 | E5: 0 | F5: 1
A6: CT head (+/- C-spine) | B6: 1 | C6: 1 | D6: 1 | E6: 1 | F6: 1
A7: Pain control / analgesia | B7: 0 | C7: 0 | D7: 0 | E7: 0 | F7: 0
A8: Opioid-sparing analgesia (OUD history) | B8: 0 | C8: 0 | D8: 0 | E8: 0 | F8: 0
A9: Neuro exam / reassessment | B9: 1 | C9: 1 | D9: 1 | E9: 0 | F9: 0
A10: Recognise alcohol-related injury / risky use | B10: 1 | C10: 1 | D10: 1 | E10: 1 | F10: 1
A11: Validated alcohol screening (AUDIT-C/CAGE) | B11: 1 | C11: 1 | D11: 1 | E11: 1 | F11: 1
A12: Explain screening / non-judgmental communication | B12: 0 | C12: 0 | D12: 0 | E12: 0 | F12: 0
A13: Brief intervention (motivational) | B13: 1 | C13: 1 | D13: 1 | E13: 1 | F13: 1
A14: Referral to treatment / social work | B14: 1 | C14: 1 | D14: 1 | E14: 1 | F14: 1
A15: Disposition (not discharge without SBIRT) | B15: 1 | C15: 1 | D15: 1 | E15: 1 | F15: 1
A17: Items in checklist (N) | B17: 12 | C17: 12 | D17: 12 | E17: 12 | F17: 12
A18: True Positives (TP = addressed) | B18: =SUM(B4:B15) -> 9 | C18: =SUM(C4:C15) -> 8 | D18: =SUM(D4:D15) -> 7 | E18: =SUM(E4:E15) -> 7 | F18: =SUM(F4:F15) -> 8
A19: False Negatives (FN = missed) | B19: =B17-B18 -> 3 | C19: =C17-C18 -> 4 | D19: =D17-D18 -> 5 | E19: =E17-E18 -> 5 | F19: =F17-F18 -> 4
A20: False Positives (FP = incorrect rec.) | B20: 0 | C20: 0 | D20: 0 | E20: 0 | F20: 0
A21: Precision = TP/(TP+FP) | B21: =IFERROR(B18/(B18+B20),0) -> 1 | C21: =IFERROR(C18/(C18+C20),0) -> 1 | D21: =IFERROR(D18/(D18+D20),0) -> 1 | E21: =IFERROR(E18/(E18+E20),0) -> 1 | F21: =IFERROR(F18/(F18+F20),0) -> 1 | G21: =AVERAGE(B21:F21) -> 1
A22: Recall = TP/(TP+FN) | B22: =IFERROR(B18/(B18+B19),0) -> 0.75 | C22: =IFERROR(C18/(C18+C19),0) -> 0.66666667 | D22: =IFERROR(D18/(D18+D19),0) -> 0.58333333 | E22: =IFERROR(E18/(E18+E19),0) -> 0.58333333 | F22: =IFERROR(F18/(F18+F19),0) -> 0.66666667 | G22: =AVERAGE(B22:F22) -> 0.65
A23: F1 score = 2PR/(P+R) | B23: =IFERROR(2*B21*B22/(B21+B22),0) -> 0.85714286 | C23: =IFERROR(2*C21*C22/(C21+C22),0) -> 0.8 | D23: =IFERROR(2*D21*D22/(D21+D22),0) -> 0.73684211 | E23: =IFERROR(2*E21*E22/(E21+E22),0) -> 0.73684211 | F23: =IFERROR(2*F21*F22/(F21+F22),0) -> 0.8 | G23: =AVERAGE(B23:F23) -> 0.78616541

Sheet S3
A1: S3 - Spinal Cord Injury / Shock — expert answers vs. ground-truth checklist
A3: Ground-truth action (1 = addressed, 0 = not addressed) | B3: D1 (2y) | C3: D2 (5y) | D3: D3 (10y) | E3: D4 (18y) | F3: D5 (30y) | G3: Mean
A4: Recognise critical deterioration | B4: 1 | C4: 1 | D4: 1 | E4: 1 | F4: 1
A5: Consider shock differential | B5: 1 | C5: 1 | D5: 1 | E5: 1 | F5: 1
A6: Diagnose neurogenic shock | B6: 1 | C6: 1 | D6: 1 | E6: 1 | F6: 1
A7: Cite neurogenic clues (brady+warm+SCI) | B7: 1 | C7: 1 | D7: 0 | E7: 1 | F7: 0
A8: Rule out haemorrhage (FAST/POCUS) | B8: 0 | C8: 0 | D8: 0 | E8: 0 | F8: 0
A9: Rule out obstructive cause (POCUS/CXR) | B9: 0 | C9: 0 | D9: 1 | E9: 0 | F9: 0
A10: Avoid blind crystalloid / no fluid response | B10: 0 | C10: 0 | D10: 0 | E10: 1 | F10: 0
A11: Norepinephrine escalation | B11: 1 | C11: 1 | D11: 1 | E11: 1 | F11: 1
A12: Add second vasopressor (MAP>65) | B12: 0 | C12: 0 | D12: 0 | E12: 0 | F12: 0
A13: Epinephrine for bradycardia | B13: 0 | C13: 0 | D13: 0 | E13: 0 | F13: 0
A14: MAP / cord-perfusion target | B14: 1 | C14: 1 | D14: 1 | E14: 1 | F14: 1
A15: Recognise respiratory failure | B15: 1 | C15: 1 | D15: 1 | E15: 1 | F15: 1
... A27: Items in checklist (N) | B27: 22 | C27: 22 | D27: 22 | E27: 22 | F27: 22
A28: True Positives (TP = addressed) | B28: =SUM(B4:B25) -> 11 | C28: =SUM(C4:C25) -> 12 | D28: =SUM(D4:D25) -> 13 | E28: =SUM(E4:E25) -> 12 | F28: =SUM(F4:F25) -> 13
A29: False Negatives (FN = missed) | B29: =B27-B28 -> 11 | C29: =C27-C28 -> 10 | D29: =D27-D28 -> 9 | E29: =E27-E28 -> 10 | F29: =F27-F28 -> 9
A30: False Positives (FP = incorrect rec.) | B30: 0 | C30: 0 | D30: 0 | E30: 0 | F30: 0
A31: Precision = TP/(TP+FP) | B31: =IFERROR(B28/(B28+B30),0) -> 1 | C31: =IFERROR(C28/(C28+C30),0) -> 1 | D31: =IFERROR(D28/(D28+D30),0) -> 1 | E31: =IFERROR(E28/(E28+E30),0) -> 1 | F31: =IFERROR(F28/(F28+F30),0) -> 1 | G31: =AVERAGE(B31:F31) -> 1
A32: Recall = TP/(TP+FN) | B32: =IFERROR(B28/(B28+B29),0) -> 0.5 | C32: =IFERROR(C28/(C28+C29),0) -> 0.54545455 | D32: =IFERROR(D28/(D28+D29),0) -> 0.59090909 | E32: =IFERROR(E28/(E28+E29),0) -> 0.54545455 | F32: =IFERROR(F28/(F28+F29),0) -> 0.59090909 | G32: =AVERAGE(B32:F32) -> 0.55454545
A33: F1 score = 2PR/(P+R) | B33: =IFERROR(2*B31*B32/(B31+B32),0) -> 0.66666667 | C33: =IFERROR(2*C31*C32/(C31+C32),0) -> 0.70588235 | D33: =IFERROR(2*D31*D32/(D31+D32),0) -> 0.74285714 | E33: =IFERROR(2*E31*E32/(E31+E32),0) -> 0.70588235 | F33: =IFERROR(2*F31*F32/(F31+F32),0) -> 0.74285714 | G33: =AVERAGE(B33:F33) -> 0.71282913

Sheet S4
A1: S4 - Atrial Fibrillation — expert answers vs. ground-truth checklist
A3: Ground-truth action (1 = addressed, 0 = not addressed) | B3: D1 (2y) | C3: D2 (5y) | D3: D3 (10y) | E3: D4 (18y) | F3: D5 (30y) | G3: Mean
A4: Initial assessment + cardiac monitoring | B4: 1 | C4: 1 | D4: 1 | E4: 1 | F4: 1
A5: Recognise irregular rhythm | B5: 1 | C5: 1 | D5: 1 | E5: 1 | F5: 1
A6: Focused history | B6: 1 | C6: 1 | D6: 1 | E6: 0 | F6: 1
A7: Syncope history | B7: 0 | C7: 1 | D7: 1 | E7: 0 | F7: 1
A8: Cardiac risk factors / PMH | B8: 1 | C8: 0 | D8: 1 | E8: 0 | F8: 1
A9: Order 12-lead ECG | B9: 1 | C9: 1 | D9: 0 | E9: 0 | F9: 0
A10: Diagnose atrial fibrillation | B10: 1 | C10: 1 | D10: 1 | E10: 1 | F10: 1
A11: Describe ECG features | B11: 0 | C11: 0 | D11: 0 | E11: 0 | F11: 0
A12: Labs for reversible triggers | B12: 1 | C12: 1 | D12: 1 | E12: 1 | F12: 0
A13: Interpret labs (no major trigger) | B13: 0 | C13: 0 | D13: 0 | E13: 0 | F13: 0
A14: Assess stability (patient is stable) | B14: 1 | C14: 1 | D14: 1 | E14: 1 | F14: 1
A15: Avoid immediate electrical cardioversion | B15: 1 | C15: 1 | D15: 1 | E15: 1 | F15: 1
... A27: Items in checklist (N) | B27: 22 | C27: 22 | D27: 22 | E27: 22 | F27: 22
A28: True Positives (TP = addressed) | B28: =SUM(B4:B25) -> 13 | C28: =SUM(C4:C25) -> 16 | D28: =SUM(D4:D25) -> 16 | E28: =SUM(E4:E25) -> 10 | F28: =SUM(F4:F25) -> 14
A29: False Negatives (FN = missed) | B29: =B27-B28 -> 9 | C29: =C27-C28 -> 6 | D29: =D27-D28 -> 6 | E29: =E27-E28 -> 12 | F29: =F27-F28 -> 8
A30: False Positives (FP = incorrect rec.) | B30: 0 | C30: 0 | D30: 0 | E30: 0 | F30: 0
A31: Precision = TP/(TP+FP) | B31: =IFERROR(B28/(B28+B30),0) -> 1 | C31: =IFERROR(C28/(C28+C30),0) -> 1 | D31: =IFERROR(D28/(D28+D30),0) -> 1 | E31: =IFERROR(E28/(E28+E30),0) -> 1 | F31: =IFERROR(F28/(F28+F30),0) -> 1 | G31: =AVERAGE(B31:F31) -> 1
A32: Recall = TP/(TP+FN) | B32: =IFERROR(B28/(B28+B29),0) -> 0.59090909 | C32: =IFERROR(C28/(C28+C29),0) -> 0.72727273 | D32: =IFERROR(D28/(D28+D29),0) -> 0.72727273 | E32: =IFERROR(E28/(E28+E29),0) -> 0.45454545 | F32: =IFERROR(F28/(F28+F29),0) -> 0.63636364 | G32: =AVERAGE(B32:F32) -> 0.62727273
A33: F1 score = 2PR/(P+R) | B33: =IFERROR(2*B31*B32/(B31+B32),0) -> 0.74285714 | C33: =IFERROR(2*C31*C32/(C31+C32),0) -> 0.84210526 | D33: =IFERROR(2*D31*D32/(D31+D32),0) -> 0.84210526 | E33: =IFERROR(2*E31*E32/(E31+E32),0) -> 0.625 | F33: =IFERROR(2*F31*F32/(F31+F32),0) -> 0.77777778 | G33: =AVERAGE(B33:F33) -> 0.76596909

Sheet S5
A1: S5 - Acetaminophen Overdose — expert answers vs. ground-truth checklist
A3: Ground-truth action (1 = addressed, 0 = not addressed) | B3: D1 (2y) | C3: D2 (5y) | D3: D3 (10y) | E3: D4 (18y) | F3: D5 (30y) | G3: Mean
A4: Initial assessment / overdose history | B4: 1 | C4: 1 | D4: 0 | E4: 1 | F4: 1
A5: Confirm time of ingestion | B5: 0 | C5: 1 | D5: 0 | E5: 1 | F5: 0
A6: Confirm quantity ingested | B6: 0 | C6: 0 | D6: 0 | E6: 0 | F6: 0
A7: Estimate dose (very large) | B7: 1 | C7: 1 | D7: 0 | E7: 0 | F7: 0
A8: Ask about co-ingestions | B8: 1 | C8: 0 | D8: 0 | E8: 0 | F8: 0
A9: Physical exam (toxidrome / RUQ) | B9: 1 | C9: 0 | D9: 0 | E9: 0 | F9: 1
A10: Monitoring + vital signs | B10: 1 | C10: 0 | D10: 0 | E10: 1 | F10: 1
A11: Establish IV access | B11: 0 | C11: 1 | D11: 0 | E11: 0 | F11: 0
A12: Order ECG | B12: 0 | C12: 1 | D12: 0 | E12: 0 | F12: 0
A13: Acetaminophen serum level | B13: 1 | C13: 1 | D13: 0 | E13: 1 | F13: 0
A14: Additional labs (LFTs/INR/renal/etc.) | B14: 1 | C14: 1 | D14: 1 | E14: 1 | F14: 0
A15: Rumack-Matthew nomogram | B15: 0 | C15: 1 | D15: 0 | E15: 1 | F15: 0
... A27: Items in checklist (N) | B27: 22 | C27: 22 | D27: 22 | E27: 22 | F27: 22
A28: True Positives (TP = addressed) | B28: =SUM(B4:B25) -> 12 | C28: =SUM(C4:C25) -> 14 | D28: =SUM(D4:D25) -> 9 | E28: =SUM(E4:E25) -> 12 | F28: =SUM(F4:F25) -> 9
A29: False Negatives (FN = missed) | B29: =B27-B28 -> 10 | C29: =C27-C28 -> 8 | D29: =D27-D28 -> 13 | E29: =E27-E28 -> 10 | F29: =F27-F28 -> 13
A30: False Positives (FP = incorrect rec.) | B30: 0 | C30: 0 | D30: 0 | E30: 0 | F30: 0
A31: Precision = TP/(TP+FP) | B31: =IFERROR(B28/(B28+B30),0) -> 1 | C31: =IFERROR(C28/(C28+C30),0) -> 1 | D31: =IFERROR(D28/(D28+D30),0) -> 1 | E31: =IFERROR(E28/(E28+E30),0) -> 1 | F31: =IFERROR(F28/(F28+F30),0) -> 1 | G31: =AVERAGE(B31:F31) -> 1
A32: Recall = TP/(TP+FN) | B32: =IFERROR(B28/(B28+B29),0) -> 0.54545455 | C32: =IFERROR(C28/(C28+C29),0) -> 0.63636364 | D32: =IFERROR(D28/(D28+D29),0) -> 0.40909091 | E32: =IFERROR(E28/(E28+E29),0) -> 0.54545455 | F32: =IFERROR(F28/(F28+F29),0) -> 0.40909091 | G32: =AVERAGE(B32:F32) -> 0.50909091
A33: F1 score = 2PR/(P+R) | B33: =IFERROR(2*B31*B32/(B31+B32),0) -> 0.70588235 | C33: =IFERROR(2*C31*C32/(C31+C32),0) -> 0.77777778 | D33: =IFERROR(2*D31*D32/(D31+D32),0) -> 0.58064516 | E33: =IFERROR(2*E31*E32/(E31+E32),0) -> 0.70588235 | F33: =IFERROR(2*F31*F32/(F31+F32),0) -> 0.58064516 | G33: =AVERAGE(B33:F33) -> 0.67016656
